Rk,Player,Tm,SA1819,SA1920,SA2021,SA2122,SA2223,SA2324,Signed Using,Guaranteed,SA1819.log
488,Troy Williams\willitr02,NOP,34183.00,,,,,$0 ,,"$34,183 ",10.43948372
486,Shaquille Harrison\harrish01,PHO,50000.00,,,,,$0 ,,"$50,000 ",10.81977828
487,Garlon Green\greenga02,NOP,50000.00,,,,,$0 ,,"$50,000 ",10.81977828
485,Demetrius Jackson\jacksde01,BOS,92857.00,"$92,857 ","$92,857 ","$92,857 ","$92,857 ",$0 ,,"$557,142 ",11.43881595
484,Troy Williams\willitr02,HOU,122741.00,"$122,741 ","$122,741 ","$122,741 ","$122,741 ",$0 ,,"$613,705 ",11.71783172
483,Ron Baker\bakerro01,WAS,170915.00,,,,,$0 ,,"$170,915 ",12.04892164
482,Miroslav Raduljica\radulmi01,LAC,252043.00,,,,,$0 ,,"$252,043 ",12.43735499
481,Patrick McCaw\mccawpa01,CLE,323529.00,,,,,$0 ,,"$323,529 ",12.68704403
479,Festus Ezeli\ezelife01,POR,333333.00,"$333,333 ",,,,$0 ,,"$666,666 ",12.71689727
480,C.J. Watson\watsocj01,ORL,333333.00,"$333,333 ",,,,$0 ,,"$666,666 ",12.71689727
478,A.J. Hammons\hammoaj01,MIA,350088.00,"$350,087 ","$350,087 ",,,$0 ,,"$1,050,262 ",12.76593983
477,Dakari Johnson\johnsda04,MEM,459414.00,"$459,414 ","$459,414 ",,,$0 ,,"$1,378,242 ",13.03770704
476,Caron Butler\butleca01,SAC,517219.00,,,,,$0 ,,"$517,219 ",13.15622166
475,Carlos Delfino\delfica01,LAC,650000.00,,,,,$0 ,,"$650,000 ",13.38472764
474,James Nunnally\nunnaja01,MIN,655632.00,,,,,$0 ,,"$655,632 ",13.39335493
473,Cole Aldrich\aldrico01,MIN,685341.00,"$685,340 ","$685,340 ",,,$0 ,,"$2,056,021 ",13.4376718
472,Patrick McCaw\mccawpa01,TOR,786000.00,,,,,$0 ,,"$786,000 ",13.57471207
471,Lorenzo Brown\brownlo01,TOR,800000.00,,,,,$0 ,,"$800,000 ",13.59236701
470,Martell Webster\webstma02,WAS,833333.00,,,,,$0 ,,"$833,333 ",13.6331886
454,Gary Trent\trentga02,POR,838464.00,"$1,416,852 ","$1,663,861 ",,,$0 ,MLE,"$3,919,177 ",13.63932693
455,Hamidou Diallo\diallha01,OKC,838464.00,"$1,416,852 ","$1,663,861 ",,,$0 ,MLE,"$2,255,316 ",13.63932693
456,Keita Bates-Diop\bateske01,MIN,838464.00,"$1,416,852 ","$1,663,861 ",,,$0 ,MLE,"$2,255,316 ",13.63932693
457,Jevon Carter\carteje01,MEM,838464.00,"$1,416,852 ",,,,$0 ,MInimum Salary,"$2,255,316 ",13.63932693
458,Bruce Brown\brownbr01,DET,838464.00,"$1,416,852 ","$1,663,861 ",,,$0 ,MLE,"$2,255,316 ",13.63932693
459,Jarred Vanderbilt\vandeja01,DEN,838464.00,"$1,663,861 ","$1,416,852 ",,,$0 ,MLE,"$2,255,316 ",13.63932693
460,Ray Spalding\spaldra01,DAL,838464.00,"$1,416,852 ","$1,663,861 ","$1,802,057 ",,$0 ,Minimum Salary,"$2,255,316 ",13.63932693
461,Khyri Thomas\thomakh01,DET,838464.00,"$838,464 ","$1,663,861 ",,,$0 ,MLE,"$1,676,928 ",13.63932693
462,Isaiah Briscoe\briscis01,ORL,838464.00,"$1,663,861 ","$838,464 ",,,$0 ,MLE,"$1,338,464 ",13.63932693
463,Chimezie Metu\metuch01,SAS,838464.00,,,,,$0 ,MLE,"$838,464 ",13.63932693
464,Kenrich Williams\willike04,NOP,838464.00,"$1,416,852 ",,,,$0 ,Minimum Salary,"$838,464 ",13.63932693
465,Alize Johnson\johnsal02,IND,838464.00,"$1,416,852 ",,,,$0 ,Minimum Salary,"$838,464 ",13.63932693
466,Isaiah Hartenstein\harteis01,HOU,838464.00,"$1,416,852 ","$1,663,861 ",,,$0 ,MLE,"$838,464 ",13.63932693
467,Ryan Broekhoff\broekry01,DAL,838464.00,"$1,443,842 ",,,,$0 ,,"$838,464 ",13.63932693
468,Brad Wanamaker\wanambr01,BOS,838464.00,,,,,$0 ,Minimum Salary,"$838,464 ",13.63932693
469,Isaiah Cousins\cousiis01,UTA,838464.00,,,,,$0 ,,,13.63932693
453,Chasson Randle\randlch01,WAS,869094.00,,,,,$0 ,Minimum Salary,"$869,094 ",13.67520657
452,Jason Thompson\thompja02,GSW,945126.00,,,,,$0 ,,"$945,126 ",13.75907353
451,De'Anthony Melton\meltode01,PHO,949000.00,"$1,416,852 ",,,,$0 ,,"$2,365,852 ",13.76316408
450,Devonte' Graham\grahade01,CHO,988464.00,"$1,416,852 ","$1,663,861 ",,,$0 ,MLE,"$2,405,316 ",13.8039075
449,Kyle Singler\singlky01,OKC,999200.00,"$999,200 ","$999,200 ","$999,200 ","$999,200 ",$0 ,,"$4,996,000 ",13.81471024
446,Isaac Bonga\bongais01,LAL,1000000.00,"$1,663,861 ","$1,416,852 ",,,$0 ,,"$2,663,861 ",13.81551056
447,Justin Hamilton\hamilju01,TOR,1000000.00,"$1,000,000 ",,,,$0 ,,"$2,000,000 ",13.81551056
448,Shelvin Mack\macksh01,ORL,1000000.00,,,,,$0 ,,"$1,000,000 ",13.81551056
445,Melvin Frazier\frazime01,ORL,1050000.00,"$1,416,852 ","$1,663,861 ",,,$0 ,MLE,"$2,466,852 ",13.86430072
444,Michael Carter-Williams\cartemi01,CHI,1200000.00,,,,,$0 ,,"$1,200,000 ",13.99783211
443,Jalen Brunson\brunsja01,DAL,1230000.00,"$1,416,582 ","$1,663,861 ","$1,802,057 ",,$0 ,Cap Space,"$4,310,443 ",14.02252473
442,Elie Okobo\okoboel01,PHO,1238464.00,"$1,416,852 ","$1,663,861 ","$1,802,057 ",,$0 ,,"$2,655,316 ",14.02938246
441,Shaquille Harrison\harrish01,CHI,1311265.00,,,,,$0 ,,"$1,311,265 ",14.08650288
434,Monte Morris\morrimo01,DEN,1349383.00,"$1,588,231 ","$1,663,861 ",,,$0 ,Minimum Salary,"$2,937,614 ",14.11515801
435,Antonio Blakeney\blakean01,CHI,1349383.00,"$1,588,231 ",,,,$0 ,Minimum Salary,"$2,937,614 ",14.11515801
436,Tyrone Wallace\wallaty01,LAC,1349383.00,"$1,588,231 ",,,,$0 ,Minimum Salary,"$1,349,383 ",14.11515801
437,Alfonzo McKinnie\mckinal01,GSW,1349383.00,"$1,588,231 ",,,,$0 ,Minimum Salary,"$1,349,383 ",14.11515801
438,Ryan Arcidiacono\arcidry01,CHI,1349383.00,,,,,$0 ,Minimum Salary,"$1,349,383 ",14.11515801
439,Jabari Bird\birdja01,BOS,1349383.00,"$1,588,231 ",,,,$0 ,Minimum Salary,"$1,349,383 ",14.11515801
440,Daniel Hamilton\hamilda02,ATL,1349383.00,,,,,$0 ,Minimum Salary,"$1,349,383 ",14.11515801
433,Kevin Martin\martike02,MIN,1360304.00,,,,,$0 ,,"$1,360,304 ",14.12321876
412,Frank Jackson\jacksfr01,NOP,1378242.00,"$1,618,520 ",,,,$0 ,MLE,"$1,884,242 ",14.13631933
413,Thomas Bryant\bryanth01,WAS,1378242.00,,,,,$0 ,Minimum Salary,"$1,378,242 ",14.13631933
414,Royce O'Neale\onealro01,UTA,1378242.00,"$1,618,520 ",,,,$0 ,Cap space,"$1,378,242 ",14.13631933
415,Frank Mason\masonfr01,SAC,1378242.00,"$1,618,520 ",,,,$0 ,,"$1,378,242 ",14.13631933
416,Davon Reed\reedda01,PHO,1378242.00,,,,,$0 ,,"$1,378,242 ",14.13631933
417,Wesley Iwundu\iwundwe01,ORL,1378242.00,"$1,618,520 ",,,,$0 ,,"$1,378,242 ",14.13631933
418,Khem Birch\birchkh01,ORL,1378242.00,,,,,$0 ,Minimum Salary,"$1,378,242 ",14.13631933
419,Abdel Nader\naderab01,OKC,1378242.00,"$1,618,520 ","$1,752,950 ",,,$0 ,,"$1,378,242 ",14.13631933
420,Damyean Dotson\dotsoda01,NYK,1378242.00,"$1,618,520 ",,,,$0 ,Minimum Salary,"$1,378,242 ",14.13631933
421,Sterling Brown\brownst02,MIL,1378242.00,"$1,618,520 ",,,,$0 ,MLE,"$1,378,242 ",14.13631933
422,Rade Zagorac\zagorra01,MEM,1378242.00,,,,,$0 ,,"$1,378,242 ",14.13631933
423,Ivan Rabb\rabbiv01,MEM,1378242.00,"$1,618,520 ",,,,$0 ,MLE,"$1,378,242 ",14.13631933
424,Dillon Brooks\brookdi01,MEM,1378242.00,"$1,618,520 ",,,,$0 ,MLE,"$1,378,242 ",14.13631933
425,Jawun Evans\evansja01,LAC,1378242.00,,,,,$0 ,,"$1,378,242 ",14.13631933
426,Sindarius Thornwell\thornsi01,LAC,1378242.00,"$1,618,520 ",,,,$0 ,MLE,"$1,378,242 ",14.13631933
427,Ike Anigbogu\anigbik01,IND,1378242.00,"$1,618,520 ",,,,$0 ,Cap space,"$1,378,242 ",14.13631933
428,Maxi Kleber\klebima01,DAL,1378242.00,,,,,$0 ,Minimum Salary,"$1,378,242 ",14.13631933
429,Dwayne Bacon\bacondw01,CHO,1378242.00,"$1,618,520 ",,,,$0 ,MLE,"$1,378,242 ",14.13631933
430,Semi Ojeleye\ojelese01,BOS,1378242.00,"$1,618,520 ","$1,752,950 ",,,$0 ,,"$1,378,242 ",14.13631933
431,Daniel Theis\theisda01,BOS,1378242.00,,,,,$0 ,Minimum Salary,"$1,378,242 ",14.13631933
432,Tyler Dorsey\dorsety01,ATL,1378242.00,,,,,$0 ,Minimum Salary,"$1,378,242 ",14.13631933
411,Jordan Bell\belljo01,GSW,1378252.00,,,,,$0 ,Minimum Salary,"$1,378,252 ",14.13632659
410,Mitchell Robinson\robinmi01,NYK,1485440.00,"$1,559,712 ","$1,663,861 ","$1,802,057 ",,$0 ,MLE,"$3,045,152 ",14.21122158
409,Sviatoslav Mykhailiuk\mykhasv01,LAL,1487694.00,"$1,416,852 ","$1,663,861 ",,,$0 ,Cap Space,"$1,487,694 ",14.21273783
404,Georges Niang\niangge01,UTA,1512601.00,"$1,645,357 ","$1,783,557 ",,,$0 ,,"$1,512,601 ",14.22934124
405,Christian Wood\woodch01,MIL,1512601.00,,,,,$0 ,Minimum Salary,"$1,512,601 ",14.22934124
406,Derrick Jones\jonesde02,MIA,1512601.00,"$1,645,357 ",,,,$0 ,Minimum Salary,"$1,512,601 ",14.22934124
407,David Nwaba\nwabada01,CLE,1512601.00,,,,,$0 ,Minimum Salary,"$1,512,601 ",14.22934124
408,Treveon Graham\grahatr01,BRK,1512601.00,"$1,645,357 ",,,,$0 ,Minimum Salary,"$1,512,601 ",14.22934124
387,Pascal Siakam\siakapa01,TOR,1544951.00,"$2,351,839 ",,,,$0 ,1st Round pick,"$3,896,790 ",14.25050275
388,Skal Labissiere\labissk01,SAC,1544951.00,"$2,338,847 ",,,,$0 ,1st Round pick,"$3,883,798 ",14.25050275
389,Dejounte Murray\murrade01,SAS,1544951.00,"$2,321,735 ",,,,$0 ,1st Round pick,"$3,866,686 ",14.25050275
390,Damian Jones\jonesda03,GSW,1544951.00,"$2,305,057 ",,,,$0 ,1st Round pick,"$3,850,008 ",14.25050275
391,Deyonta Davis\davisde01,SAC,1544951.00,,,,,$0 ,,"$1,544,951 ",14.25050275
392,Wade Baldwin\baldwwa01,POR,1544951.00,,,,,$0 ,Minimum Salary,"$1,544,951 ",14.25050275
393,Jake Layman\laymaja01,POR,1544951.00,,,,,$0 ,Cap Space,"$1,544,951 ",14.25050275
394,Timothe Luwawu-Cabarrot\luwawti01,OKC,1544951.00,,,,,$0 ,1st Round pick,"$1,544,951 ",14.25050275
395,Cheick Diallo\diallch01,NOP,1544951.00,,,,,$0 ,Minimum Salary,"$1,544,951 ",14.25050275
396,Malcolm Brogdon\brogdma01,MIL,1544951.00,,,,,$0 ,Cap Space,"$1,544,951 ",14.25050275
397,Rodney McGruder\mcgruro01,MIA,1544951.00,,,,,$0 ,Minimum Salary,"$1,544,951 ",14.25050275
398,Ivica Zubac\zubaciv01,LAL,1544951.00,,,,,$0 ,Cap Space,"$1,544,951 ",14.25050275
399,Quinn Cook\cookqu01,GSW,1544951.00,,,,,$0 ,,"$1,544,951 ",14.25050275
400,Chinanu Onuaku\onuakch01,DAL,1544951.00,,,,,$0 ,,"$1,544,951 ",14.25050275
401,Dorian Finney-Smith\finnedo01,DAL,1544951.00,,,,,$0 ,Minimum Salary,"$1,544,951 ",14.25050275
402,Willy Hernangomez\hernawi01,CHO,1544951.00,"$1,701,735 ",,,,$0 ,Cap Space,"$1,544,951 ",14.25050275
403,Wayne Selden\seldewa01,CHI,1544951.00,,,,,$0 ,,"$1,544,951 ",14.25050275
384,Jahlil Okafor\okafoja01,NOP,1567007.00,"$1,702,486 ",,,,$0 ,Minimum Salary,"$1,567,007 ",14.26467799
385,Kevon Looney\looneke01,GSW,1567007.00,,,,,$0 ,,"$1,567,007 ",14.26467799
386,Salah Mejri\mejrisa01,DAL,1567007.00,,,,,$0 ,Minimum Salary,"$1,567,007 ",14.26467799
383,Malachi Richardson\richama01,TOR,1569360.00,,,,,$0 ,1st Round pick,"$1,569,360 ",14.26617845
381,Richaun Holmes\holmeri01,PHO,1600520.00,,,,,$0 ,Cap Space,"$1,600,520 ",14.28583913
382,T.J. McConnell\mccontj01,PHI,1600520.00,,,,,$0 ,Minimum Salary,"$1,600,520 ",14.28583913
380,Rodions Kurucs\kurucro01,BRK,1618320.00,"$1,699,236 ","$1,780,152 ","$1,861,068 ",,$0 ,,"$5,097,708 ",14.29689913
379,Luke Kornet\kornelu01,NYK,1619000.00,,,,,$0 ,,"$1,619,000 ",14.29731923
378,Omari Spellman\spellom01,ATL,1620480.00,"$1,897,800 ","$1,988,280 ","$3,588,845 ",,$0 ,1st Round Pick,"$3,518,280 ",14.29823296
374,Nik Stauskas\stausni01,POR,1621415.00,,,,,$0 ,Minimum Salary,"$1,621,415 ",14.29880978
375,Noah Vonleh\vonleno01,NYK,1621415.00,,,,,$0 ,Minimum Salary,"$1,621,415 ",14.29880978
376,Tim Frazier\fraziti01,NOP,1621415.00,,,,,$0 ,Minimum Salary,"$1,621,415 ",14.29880978
377,James Ennis\ennisja01,HOU,1621415.00,"$1,845,301 ",,,,$0 ,,"$1,621,415 ",14.29880978
373,Dzanan Musa\musadz01,BRK,1632240.00,"$1,911,600 ","$2,002,800 ","$3,615,054 ",,$0 ,1st Round Pick,"$3,543,840 ",14.30546386
372,DeAndre' Bembry\bembrde01,ATL,1634640.00,"$2,603,982 ",,,,$0 ,1st Round pick,"$4,238,622 ",14.30693315
371,Pat Connaughton\connapa01,MIL,1641000.00,"$1,719,000 ",,,,$0 ,,"$1,641,000 ",14.31081637
370,Jacob Evans\evansja02,GSW,1644240.00,"$1,925,880 ","$2,017,320 ","$3,641,263 ",,$0 ,1st Round Pick,"$3,570,120 ",14.31278883
369,Robert Williams\williro04,BOS,1654440.00,"$1,937,520 ","$2,029,920 ","$3,661,976 ",,$0 ,1st Round Pick,"$3,591,960 ",14.31897314
368,Josh Hart\hartjo01,LAL,1655160.00,"$1,934,160 ","$3,491,159 ",,,$0 ,1st Round Pick,"$3,589,320 ",14.31940824
366,Spencer Dinwiddie\dinwisp01,BRK,1656092.00,"$10,600,000 ","$11,400,000 ","$12,300,000 ",,$0 ,Minimum Salary,"$23,656,092 ",14.31997117
367,MarShon Brooks\brookma01,CHI,1656092.00,,,,,$0 ,,"$1,656,092 ",14.31997117
365,Derrick White\whitede01,SAS,1667160.00,"$1,948,080 ","$3,516,284 ",,,$0 ,1st Round Pick,"$3,615,240 ",14.32663214
364,Tony Bradley\bradlto01,UTA,1679520.00,"$1,962,360 ","$3,542,060 ",,,$0 ,1st Round Pick,"$3,641,880 ",14.3340186
363,Kyle Kuzma\kuzmaky01,LAL,1689840.00,"$1,974,600 ","$3,562,178 ",,,$0 ,1st Round Pick,"$3,664,440 ",14.34014441
362,Jonah Bolden\boldejo01,PHI,1690000.00,"$1,698,450 ","$1,766,550 ","$1,845,000 ",,$0 ,,"$3,388,450 ",14.34023909
361,Caris LeVert\leverca01,BRK,1702800.00,"$2,625,718 ",,,,$0 ,1st Round pick,"$4,328,518 ",14.34778451
360,Landry Shamet\shamela01,PHI,1703640.00,"$1,995,120 ","$2,090,040 ","$3,768,342 ",,$0 ,1st Round Pick,"$3,698,760 ",14.3482777
359,Joakim Noah\noahjo01,MEM,1731173.00,,,,,$0 ,,,14.36430977
357,Caleb Swanigan\swanica01,POR,1740000.00,"$2,033,160 ","$3,665,787 ",,,$0 ,1st Round Pick,"$3,773,160 ",14.36939567
358,Furkan Korkmaz\korkmfu01,PHI,1740000.00,,,,,$0 ,1st Round Pick,"$1,740,000 ",14.36939567
355,Nerlens Noel\noelne01,OKC,1757429.00,"$1,988,119 ",,,,$0 ,Minimum Salary,"$1,757,429 ",14.3793625
356,Ian Clark\clarkia01,NOP,1757429.00,,,,,$0 ,Minimum Salary,"$1,757,429 ",14.3793625
354,Moritz Wagner\wagnemo01,LAL,1762080.00,"$2,063,520 ","$3,893,618 ","$2,161,920 ",,$0 ,1st Round Pick,"$3,825,600 ",14.38200549
353,Malik Beasley\beaslma01,DEN,1773840.00,"$2,731,714 ",,,,$0 ,1st Round pick,"$4,505,554 ",14.38865725
352,Trey Burke\burketr01,NYK,1795015.00,,,,,$0 ,Minimum Salary,"$1,795,015 ",14.40052394
351,Anfernee Simons\simonan01,POR,1835520.00,"$2,149,560 ","$2,252,040 ","$3,938,818 ",,$0 ,1st Round Pick,"$3,985,080 ",14.42283838
350,Henry Ellenson\ellenhe01,DET,1857480.00,,,,,$0 ,1st Round pick,"$1,857,480 ",14.43473129
349,Larry Sanders\sandela01,MIL,1865547.00,"$1,865,547 ","$1,865,547 ","$1,865,547 ",,$0 ,,"$7,462,188 ",14.43906487
348,Tyler Lydon\lydonty01,DEN,1874640.00,,,,,$0 ,1st Round Pick,"$1,874,640 ",14.4439272
347,Tim Duncan\duncati01,SAS,1881250.00,,,,,$0 ,,"$1,881,250 ",14.44744701
346,Aaron Holiday\holidaa01,IND,1911960.00,"$2,239,200 ","$2,345,640 ","$3,980,551 ",,$0 ,1st Round Pick,"$4,151,160 ",14.46363945
345,Anderson Varejao\varejan01,POR,1913345.00,"$1,913,345 ","$1,913,345 ",,,$0 ,,"$5,740,035 ",14.46436358
344,Shabazz Napier\napiesh01,BRK,1942422.00,"$1,845,301 ",,,,$0 ,Cap Space,"$1,942,422 ",14.47944621
342,OG Anunoby\anunoog01,TOR,1952760.00,"$2,281,800 ","$3,872,215 ",,,$0 ,1st Round Pick,"$4,234,560 ",14.48475431
343,Ante Zizic\zizican01,CLE,1952760.00,"$2,281,800 ","$3,872,215 ",,,$0 ,1st Round Pick,"$4,234,560 ",14.48475431
341,Chandler Hutchison\hutchch01,CHI,1991520.00,"$2,332,320 ","$2,443,440 ","$4,019,459 ",,$0 ,1st Round Pick,"$4,323,840 ",14.50440872
340,Torrey Craig\craigto01,DEN,2000000.00,"$2,100,000 ",,,,$0 ,MLE,"$4,100,000 ",14.50865774
339,Georgios Papagiannis\papagge01,SAC,2000400.00,,,,,$0 ,,"$2,000,400 ",14.50885772
338,Spencer Hawes\hawessp01,MIL,2007058.00,"$2,007,058 ",,,,$0 ,,"$4,014,116 ",14.51218053
336,Shelvin Mack\macksh01,MEM,2029463.00,,,,,$0 ,Minimum Salary,"$2,029,463 ",14.52328178
337,Isaiah Thomas\thomais02,DEN,2029463.00,,,,,$0 ,Minimum Salary,"$2,029,463 ",14.52328178
335,Jarrett Allen\allenja01,BRK,2034120.00,"$2,376,840 ","$3,909,902 ",,,$0 ,1st Round Pick,"$4,410,960 ",14.52557385
334,Grayson Allen\allengr01,UTA,2074320.00,"$2,429,400 ","$2,545,320 ","$4,054,695 ",,$0 ,1st Round Pick,"$4,503,720 ",14.54514395
333,Terrance Ferguson\fergute01,OKC,2118840.00,"$2,475,840 ","$3,944,013 ",,,$0 ,1st Round Pick,"$4,594,680 ",14.56637933
332,Matt Barnes\barnema02,SAC,2133542.00,"$2,133,541 ",,,,$0 ,,"$4,267,083 ",14.57329407
331,Raul Neto\netora01,UTA,2150000.00,"$2,150,000 ",,,,$0 ,,"$2,150,000 ",14.5809784
330,Josh Okogie\okogijo01,MIN,2160720.00,"$2,530,680 ","$2,651,040 ","$4,087,904 ",,$0 ,1st Round Pick,"$4,691,400 ",14.58595206
327,Greg Monroe\monrogr01,TOR,2165481.00,,,,,$0 ,Minimum Salary,"$2,165,481 ",14.58815307
328,Quincy Pondexter\pondequ01,SAS,2165481.00,,,,,$0 ,,"$2,165,481 ",14.58815307
329,Jonas Jerebko\jerebjo01,GSW,2165481.00,,,,,$0 ,Minimum Salary,"$2,165,481 ",14.58815307
326,Juan Hernangomez\hernaju01,DEN,2166360.00,"$3,321,030 ",,,,$0 ,1st Round pick,"$5,487,390 ",14.5885589
324,Derrick Rose\rosede01,MIN,2176260.00,,,,,$0 ,Minimum Salary,"$2,176,260 ",14.59311837
325,Omri Casspi\casspom01,MEM,2176260.00,,,,,$0 ,Minimum Salary,"$2,176,260 ",14.59311837
323,Darius Miller\milleda01,NOP,2205000.00,,,,,$0 ,MLE,"$2,205,000 ",14.60623807
322,Harry Giles\gilesha01,SAC,2207040.00,"$2,578,800 ","$3,976,510 ",,,$0 ,1st Round Pick,"$4,785,840 ",14.60716281
321,Monta Ellis\ellismo01,IND,2245400.00,"$2,245,400 ","$2,245,400 ","$2,245,400 ",,$0 ,,"$8,981,600 ",14.62439424
320,Kevin Huerter\huertke01,ATL,2250960.00,"$2,636,280 ","$2,761,920 ","$4,253,357 ",,$0 ,1st Round Pick,"$4,887,240 ",14.62686735
319,Larry Nance\nancela02,CLE,2272391.00,"$12,727,273 ","$11,709,091 ","$10,690,909 ","$9,672,727 ",$0 ,1st Round pick,"$47,072,391 ",14.63634314
318,Denzel Valentine\valende01,CHI,2280600.00,"$3,377,569 ",,,,$0 ,1st Round pick,"$5,658,169 ",14.63994912
317,John Collins\collijo01,ATL,2299080.00,"$2,686,560 ","$4,137,302 ",,,$0 ,1st Round Pick,"$4,985,640 ",14.6480196
316,Jamal Crawford\crawfja01,ATL,2304226.00,,,,,$0 ,,"$2,304,226 ",14.65025539
315,Lonnie Walker\walkelo01,SAS,2357160.00,"$2,760,480 ","$2,892,000 ","$4,447,896 ",,$0 ,1st Round Pick,"$5,117,640 ",14.67296806
299,Jeff Green\greenje02,WAS,2393887.00,,,,,$0 ,Minimum Salary,"$2,393,887 ",14.68842896
300,Amir Johnson\johnsam01,PHI,2393887.00,,,,,$0 ,Minimum Salary,"$2,393,887 ",14.68842896
301,Raymond Felton\feltora01,OKC,2393887.00,,,,,$0 ,Minimum Salary,"$2,393,887 ",14.68842896
302,Luol Deng\denglu01,MIN,2393887.00,,,,,$0 ,,"$2,393,887 ",14.68842896
303,Dwyane Wade\wadedw01,MIA,2393887.00,,,,,$0 ,Minimum Salary,"$2,393,887 ",14.68842896
304,Udonis Haslem\hasleud01,MIA,2393887.00,,,,,$0 ,Minimum Salary,"$2,393,887 ",14.68842896
305,JaVale McGee\mcgeeja01,LAL,2393887.00,,,,,$0 ,Minimum Salary,"$2,393,887 ",14.68842896
306,Gerald Green\greenge01,HOU,2393887.00,,,,,$0 ,Minimum Salary,"$2,393,887 ",14.68842896
307,Jose Calderon\caldejo01,DET,2393887.00,,,,,$0 ,Minimum Salary,"$2,393,887 ",14.68842896
308,Zaza Pachulia\pachuza01,DET,2393887.00,,,,,$0 ,Minimum Salary,"$2,393,887 ",14.68842896
309,Devin Harris\harride01,DAL,2393887.00,,,,,$0 ,Minimum Salary,"$2,393,887 ",14.68842896
310,Channing Frye\fryech01,CLE,2393887.00,,,,,$0 ,Minimum Salary,"$2,393,887 ",14.68842896
311,Carmelo Anthony\anthoca01,CHI,2393887.00,,,,,$0 ,Minimum Salary,"$2,393,887 ",14.68842896
312,Vince Carter\cartevi01,ATL,2393887.00,,,,,$0 ,Minimum Salary,"$2,393,887 ",14.68842896
313,Jamal Crawford\crawfja01,PHO,2393887.00,,,,,$0 ,,,14.68842896
314,Tyson Chandler\chandty01,LAL,2393887.00,,,,,$0 ,,,14.68842896
298,T.J. Leaf\leaftj01,IND,2407560.00,"$2,813,280 ","$4,326,825 ",,,$0 ,1st Round Pick,"$5,220,840 ",14.69412434
297,Jarell Martin\martija01,ORL,2416222.00,,,,,$0 ,1st Round pick,"$2,416,222 ",14.69771572
296,Tyus Jones\jonesty01,MIN,2444053.00,,,,,$0 ,1st Round pick,"$2,444,053 ",14.70916828
295,Rondae Hollis-Jefferson\holliro01,BRK,2470357.00,,,,,$0 ,1st Round pick,"$2,470,357 ",14.71987323
294,Donte DiVincenzo\divindo01,MIL,2481000.00,"$2,905,800 ","$3,044,160 ","$4,675,830 ",,$0 ,1st Round Pick,"$5,386,800 ",14.72417226
293,Bobby Portis\portibo01,CHI,2494346.00,,,,,$0 ,1st Round pick,"$2,494,346 ",14.72953713
290,Manu Ginobili\ginobma01,SAS,2500000.00,,,,,$0 ,,"$2,500,000 ",14.73180129
291,Dante Cunningham\cunnida01,SAS,2500000.00,,,,,$0 ,Bi-annual Exception,"$2,500,000 ",14.73180129
292,Reggie Bullock\bullore01,DET,2500000.00,,,,,$0 ,Cap space,"$2,500,000 ",14.73180129
289,Justin Anderson\anderju01,ATL,2516048.00,,,,,$0 ,1st Round pick,"$2,516,048 ",14.73819997
287,Dario Saric\saricda01,MIN,2526840.00,"$3,481,986 ",,,,$0 ,1st Round pick,"$6,008,826 ",14.74248007
288,Taurean Waller-Prince\princta02,ATL,2526840.00,"$3,481,986 ",,,,$0 ,1st Round pick,"$6,008,826 ",14.74248007
286,D.J. Wilson\wilsodj01,MIL,2534280.00,"$2,961,120 ","$4,548,280 ",,,$0 ,1st Round Pick,"$5,495,400 ",14.74542013
285,Delon Wright\wrighde01,TOR,2536898.00,,,,,$0 ,1st Round pick,"$2,536,898 ",14.74645263
284,Zhaire Smith\smithzh01,PHI,2611800.00,"$3,058,800 ","$3,204,600 ","$4,915,856 ",,$0 ,1st Round Pick,"$5,670,600 ",14.7755502
283,Jerian Grant\grantje02,ORL,2639314.00,,,,,$0 ,1st Round pick,"$2,639,314 ",14.78602959
282,Domantas Sabonis\sabondo01,IND,2659800.00,"$3,529,555 ",,,,$0 ,1st Round pick,"$6,189,355 ",14.79376149
280,Guerschon Yabusele\yabusgu01,BOS,2667600.00,"$3,117,240 ","$4,781,846 ",,,$0 ,1st Round Pick,"$5,784,840 ",14.79668975
281,Justin Patton\pattoju01,PHI,2667600.00,,,,,$0 ,1st Round Pick,"$2,667,600 ",14.79668975
279,Troy Brown\browntr01,WAS,2749080.00,"$3,219,480 ","$3,372,840 ","$5,170,564 ",,$0 ,1st Round Pick,"$5,968,560 ",14.82677687
278,Sam Dekker\dekkesa01,WAS,2760095.00,,,,,$0 ,1st Round pick,"$2,760,095 ",14.83077566
277,Cedi Osman\osmande01,CLE,2775000.00,"$2,907,143 ",,,,$0 ,MLE,"$5,682,143 ",14.83616131
276,Seth Curry\curryse01,POR,2795000.00,,,,,$0 ,MLE,"$2,795,000 ",14.84334266
275,Thon Maker\makerth01,MIL,2799720.00,"$3,569,643 ",,,,$0 ,1st Round pick,"$6,369,363 ",14.84502997
274,Justin Jackson\jacksju01,SAC,2807880.00,"$3,280,920 ","$5,029,650 ",,,$0 ,1st Round Pick,"$6,088,800 ",14.84794031
273,Andrew Nicholson\nichoan01,POR,2844429.00,"$2,844,429 ","$2,844,429 ","$2,844,429 ","$2,844,429 ",$0 ,,"$17,066,574 ",14.8608729
272,Michael Porter\portemi01,DEN,2894160.00,"$3,389,400 ","$3,550,800 ","$5,258,735 ",,$0 ,1st Round Pick,"$6,283,560 ",14.87820547
271,Jakob Poeltl\poeltja01,SAS,2947320.00,"$3,754,886 ",,,,$0 ,1st Round pick,"$6,702,206 ",14.89640684
270,Bam Adebayo\adebaba01,MIA,2955840.00,"$3,454,080 ","$5,115,492 ",,,$0 ,1st Round Pick,"$6,409,920 ",14.89929343
268,Yogi Ferrell\ferreyo01,SAC,3000000.00,"$3,150,000 ",,,,$0 ,Cap Space,"$3,000,000 ",14.91412285
269,Elfrid Payton\paytoel01,NOP,3000000.00,,,,,$0 ,Bi-annual Exception,"$3,000,000 ",14.91412285
267,Jerome Robinson\robinje01,LAC,3046200.00,"$3,567,720 ","$3,737,520 ","$5,340,916 ",,$0 ,1st Round Pick,"$6,613,920 ",14.92940547
266,Terry Rozier\roziete01,BOS,3050390.00,,,,,$0 ,1st round pick,"$3,050,390 ",14.93078001
265,Donovan Mitchell\mitchdo01,UTA,3111480.00,"$3,635,760 ","$5,195,501 ",,,$0 ,1st Round Pick,"$6,747,240 ",14.95060906
264,Bryn Forbes\forbebr01,SAS,3125000.00,"$2,875,000 ",,,,$0 ,Early Bird Rights,"$6,000,000 ",14.95494484
263,Tomas Satoransky\satorto01,WAS,3129187.00,,,,,$0 ,Cap Space,"$3,129,187 ",14.95628378
262,Marquese Chriss\chrisma01,HOU,3206160.00,,,,,$0 ,1st Rd pick,"$3,206,160 ",14.98058452
261,Miles Bridges\bridgmi02,CHO,3206640.00,"$3,755,400 ","$3,934,320 ","$5,421,493 ",,$0 ,1st Round Pick,"$6,962,040 ",14.98073422
260,Kelly Oubre\oubreke01,PHO,3208630.00,,,,,$0 ,1st round pick,"$3,208,630 ",14.98135461
259,Troy Daniels\danietr01,PHO,3258539.00,,,,,$0 ,Cap Space,"$3,258,539 ",14.99678949
258,Luke Kennard\kennalu01,DET,3275280.00,"$3,827,160 ","$5,273,826 ",,,$0 ,1st Round Pick,"$7,102,440 ",15.00191392
257,Devin Booker\bookede01,PHO,3314365.00,"$27,250,000 ","$29,430,000 ","$31,610,000 ","$33,790,000 ",$0 ,1st round pick,"$161,314,365 ",15.01377661
256,Ekpe Udoh\udohek01,UTA,3360000.00,,,,,$0 ,Room Exception,"$3,360,000 ",15.02745153
255,Trey Lyles\lylestr01,DEN,3364249.00,,,,,$0 ,1st round pick,"$3,364,249 ",15.02871532
254,Shai Gilgeous-Alexander\gilgesh01,LAC,3375360.00,"$3,952,920 ","$4,141,320 ","$5,495,532 ",,$0 ,1st Round Pick,"$7,328,280 ",15.03201254
252,Allonzo Trier\trieral01,NYK,3382000.00,"$3,551,100 ",,,,$0 ,Bi-Annual Exception,"$3,382,000 ",15.03397781
253,Brook Lopez\lopezbr01,MIL,3382000.00,,,,,$0 ,Bi-annual Exception,"$3,382,000 ",15.03397781
251,Myles Turner\turnemy01,IND,3410284.00,"$18,000,000 ","$18,000,000 ","$18,000,000 ","$18,000,000 ",$0 ,1st round pick,"$75,410,284 ",15.04230613
250,Malik Monk\monkma01,CHO,3447480.00,"$4,028,400 ","$5,345,687 ",,,$0 ,1st Round Pick,"$7,475,880 ",15.05315409
249,Justise Winslow\winslju01,MIA,3448926.00,"$13,000,000 ","$13,000,000 ","$13,000,000 ",,$0 ,1st round pick,"$29,448,926 ",15.05357344
248,Rodney Hood\hoodro01,CLE,3472887.00,,,,,$0 ,,"$3,472,887 ",15.06049679
247,Jamal Murray\murraja01,DEN,3499800.00,"$4,444,746 ",,,,$0 ,1st Round pick,"$7,944,546 ",15.06821638
245,Mirza Teletovic\teletmi01,MIL,3500000.00,"$3,500,000 ","$3,500,000 ",,,$0 ,,"$10,500,000 ",15.06827353
246,Michael Beasley\beaslmi01,LAL,3500000.00,,,,,$0 ,Room Exception,"$3,500,000 ",15.06827353
244,Mikal Bridges\bridgmi01,PHO,3552960.00,"$4,161,000 ","$4,359,000 ","$5,557,725 ",,$0 ,1st Round Pick,"$7,713,960 ",15.08329162
243,Frank Kaminsky\kaminfr01,CHO,3627842.00,,,,,$0 ,1st round pick,"$3,627,842 ",15.10414854
242,Zach Collins\colliza01,POR,3628920.00,"$4,240,200 ","$5,406,255 ",,,$0 ,1st Round Pick,"$7,869,120 ",15.10444564
241,Nene Hilario\hilarne01,HOU,3651480.00,"$3,825,360 ",,,,$0 ,Non-Bird Rights,"$7,476,840 ",15.11064312
240,J.J. Barea\bareajo01,DAL,3710850.00,,,,,$0 ,Cap Space,"$3,710,850 ",15.12677152
239,Kevin Knox\knoxke01,NYK,3739920.00,"$4,380,120 ","$4,588,680 ","$5,845,978 ",,$0 ,1st Round Pick,"$8,120,040 ",15.13457478
238,Dennis Smith\smithde03,DAL,3819960.00,"$4,463,640 ","$5,686,677 ",,,$0 ,1st Round Pick,"$8,283,600 ",15.15575051
237,Buddy Hield\hieldbu01,SAC,3833760.00,"$4,861,208 ",,,,$0 ,1st Round pick,"$8,694,968 ",15.1593566
236,Stanley Johnson\johnsst04,DET,3940402.00,,,,,$0 ,1st round pick,"$3,940,402 ",15.18679331
235,Al Jefferson\jeffeal01,IND,4000000.00,,,,,$0 ,,"$4,000,000 ",15.20180492
234,Collin Sexton\sextoco01,CLE,4068600.00,"$4,764,960 ","$4,991,880 ","$6,349,671 ",,$0 ,1st Round Pick,"$8,833,560 ",15.21880952
233,Glenn Robinson\robingl02,DET,4075000.00,"$4,150,000 ",,,,$0 ,MLE,"$4,075,000 ",15.2203813
232,Frank Ntilikina\ntilila01,NYK,4155720.00,"$4,855,800 ","$6,176,578 ",,,$0 ,1st Round Pick,"$9,011,520 ",15.23999626
231,Kris Dunn\dunnkr01,CHI,4221000.00,"$5,348,007 ",,,,$0 ,1st Round pick,"$9,569,007 ",15.25558262
230,Emmanuel Mudiay\mudiaem01,NYK,4294480.00,,,,,$0 ,1st round pick,"$4,294,480 ",15.27284104
228,Mike Scott\scottmi01,LAC,4320500.00,,,,,$0 ,MLE,"$4,320,500 ",15.27888169
229,Luc Mbah a Moute\mbahalu01,LAC,4320500.00,,,,,$0 ,MLE,"$4,320,500 ",15.27888169
227,Alex Len\lenal01,ATL,4350000.00,"$4,160,000 ",,,,$0 ,Room Exception,"$8,510,000 ",15.2856864
226,Justin Holiday\holidju01,MEM,4384616.00,,,,,$0 ,MLE,"$4,384,616 ",15.29361261
225,Wendell Carter\cartewe01,CHI,4441200.00,"$5,201,400 ","$5,448,840 ","$6,920,027 ",,$0 ,1st Round Pick,"$9,642,600 ",15.30643517
222,Lance Stephenson\stephla01,LAL,4449000.00,,,,,$0 ,,"$4,449,000 ",15.30818991
223,Kyle O'Quinn\oquinky01,IND,4449000.00,,,,,$0 ,Room Exception,"$4,449,000 ",15.30818991
224,Ed Davis\davised01,BRK,4449000.00,,,,,$0 ,Room Exception,"$4,449,000 ",15.30818991
221,Lauri Markkanen\markkla01,CHI,4536120.00,"$5,300,400 ","$6,731,508 ",,,$0 ,1st Round Pick,"$9,836,520 ",15.32758258
220,Ron Baker\bakerro01,NYK,4544400.00,,,,,$0 ,,"$4,544,400 ",15.32940626
219,Dragan Bender\bendedr01,PHO,4661280.00,,,,,$0 ,1st Round pick,"$4,661,280 ",15.35480065
218,Willie Cauley-Stein\caulewi01,SAC,4696875.00,,,,,$0 ,1st round pick,"$4,696,875 ",15.36240795
217,Mohamed Bamba\bambamo01,ORL,4865040.00,"$5,697,600 ","$5,969,040 ","$7,568,742 ",,$0 ,1st Round Pick,"$24,100,422 ",15.3975855
216,Jonathan Isaac\isaacjo01,ORL,4969080.00,"$5,806,440 ","$7,362,566 ",,,$0 ,1st Round Pick,"$10,775,520 ",15.41874527
213,Tony Parker\parketo01,CHO,5000000.00,"$5,000,000 ",,,,$0 ,MLE,"$10,000,000 ",15.42494847
214,Mike Muscala\muscami01,PHI,5000000.00,,,,,$0 ,Cap space,"$5,000,000 ",15.42494847
215,Dirk Nowitzki\nowitdi01,DAL,5000000.00,,,,,$0 ,Cap Space,"$5,000,000 ",15.42494847
212,Patrick Beverley\beverpa01,LAC,5027028.00,,,,,$0 ,Bird Rights,"$5,027,028 ",15.43033951
211,Jaylen Brown\brownja02,BOS,5169960.00,"$6,534,829 ",,,,$0 ,1st Rd pick,"$11,704,789 ",15.45837551
210,Aron Baynes\baynear01,BOS,5193600.00,"$5,453,280 ",,,,$0 ,,"$5,193,600 ",15.46293766
209,Thabo Sefolosha\sefolth01,UTA,5250000.00,,,,,$0 ,Cap space,"$5,250,000 ",15.47373863
208,Alexis Ajinca\ajincal01,LAC,5285394.00,,,,,$0 ,,"$5,285,394 ",15.48045773
207,Josh Smith\smithjo03,DET,5331729.00,"$5,331,729 ",,,,$0 ,,"$10,663,458 ",15.48918613
205,Dwight Howard\howardw01,WAS,5337000.00,"$5,603,850 ",,,,$0 ,MLE,"$5,337,000 ",15.49017426
206,DeMarcus Cousins\couside01,GSW,5337000.00,,,,,$0 ,MLE,"$5,337,000 ",15.49017426
204,Trae Young\youngtr01,ATL,5356440.00,"$6,273,000 ","$6,571,800 ","$8,326,471 ",,$0 ,1st Round Pick,"$11,629,440 ",15.49381013
203,Marcus Morris\morrima03,BOS,5375000.00,,,,,$0 ,Bird Rights,"$5,375,000 ",15.49726913
202,Jason Smith\smithja02,MIL,5450000.00,,,,,$0 ,Cap Space,"$5,450,000 ",15.51112617
201,Patrick Patterson\pattepa01,OKC,5451600.00,"$5,711,200 ",,,,$0 ,MLE,"$5,451,600 ",15.5114197
200,Alex Abrines\abrinal01,OKC,5455236.00,,,,,$0 ,Cap Space,"$5,455,236 ",15.51208644
199,Ben McLemore\mclembe01,SAC,5460000.00,,,,,$0 ,MLE,"$5,460,000 ",15.51295935
198,De'Aaron Fox\foxde01,SAC,5470920.00,"$6,392,760 ","$8,099,627 ",,,$0 ,1st Round Pick,"$11,863,680 ",15.51495735
197,Deron Williams\willide01,BRK,5474787.00,"$5,474,787 ",,,,$0 ,,"$10,949,574 ",15.51566393
196,Kristaps Porzingis\porzikr01,NYK,5697054.00,,,,,$0 ,1st round pick,"$5,697,054 ",15.55545976
195,Anthony Tolliver\tollian01,MIN,5750000.00,,,,,$0 ,MLE,"$5,750,000 ",15.56471041
194,Brandon Ingram\ingrabr01,LAL,5757120.00,"$7,265,485 ",,,,$0 ,1st Round pick,"$13,022,605 ",15.56594791
193,Jaren Jackson\jacksja02,MEM,5915040.00,"$6,927,480 ","$7,257,360 ","$9,180,560 ",,$0 ,1st Round Pick,"$12,842,520 ",15.59300882
190,Montrezl Harrell\harremo01,LAC,6000000.00,"$6,000,000 ",,,,$0 ,,"$12,000,000 ",15.60727003
191,Jonathon Simmons\simmojo02,ORL,6000000.00,"$5,700,000 ",,,,$0 ,Cap space,"$7,000,000 ",15.60727003
192,Ish Smith\smithis01,DET,6000000.00,,,,,$0 ,Cap Space,"$6,000,000 ",15.60727003
189,Josh Jackson\jacksjo02,PHO,6041520.00,"$7,059,480 ","$8,930,242 ",,,$0 ,1st Round Pick,"$13,101,000 ",15.61416619
188,Wesley Johnson\johnswe01,NOP,6134520.00,,,,,$0 ,Cap Space,"$6,134,520 ",15.62944239
187,Marco Belinelli\belinma01,SAS,6153846.00,"$5,846,154 ",,,,$0 ,MLE,"$12,000,000 ",15.63258781
186,Wayne Ellington\ellinwa01,MIA,6270000.00,,,,,$0 ,,"$6,270,000 ",15.65128691
185,Milos Teodosic\teodomi01,LAC,6300000.00,,,,,$0 ,MLE,"$6,300,000 ",15.65606019
184,Ben Simmons\simmobe01,PHI,6434520.00,"$8,113,930 ",,,,$0 ,1st Round pick,"$14,548,450 ",15.6771878
182,Nemanja Bjelica\bjeline01,SAC,6500000.00,"$6,825,000 ","$7,150,000 ",,,$0 ,,"$13,325,000 ",15.68731273
183,Mario Hezonja\hezonma01,NYK,6500000.00,,,,,$0 ,MLE,"$6,500,000 ",15.68731273
181,Luka Doncic\doncilu01,DAL,6560640.00,"$7,683,360 ","$8,049,360 ","$10,174,391 ",,$0 ,1st Round Pick,"$14,244,000 ",15.69659872
180,Jayson Tatum\tatumja01,BOS,6700800.00,"$7,830,000 ","$9,897,120 ",,,$0 ,1st Round Pick,"$14,530,800 ",15.71773748
179,Al-Farouq Aminu\aminual01,POR,6957105.00,,,,,$0 ,Cap Space,"$6,957,105 ",15.755274
175,Langston Galloway\gallola01,DET,7000000.00,"$7,333,333 ",,,,$0 ,MLE,"$14,333,333 ",15.76142071
176,Davis Bertans\bertada01,SAS,7000000.00,"$7,000,000 ",,,,$0 ,Early Bird Rights,"$14,000,000 ",15.76142071
177,Ersan Ilyasova\ilyaser01,MIL,7000000.00,"$7,000,000 ","$7,000,000 ",,,$0 ,MLE,"$14,000,000 ",15.76142071
178,Boban Marjanovic\marjabo01,LAC,7000000.00,,,,,$0 ,Cap Space,"$7,000,000 ",15.76142071
174,D'Angelo Russell\russeda01,BRK,7019698.00,,,,,$0 ,1st round pick,"$7,019,698 ",15.76423076
173,Lance Thomas\thomala01,NYK,7119650.00,"$7,583,975 ",,,,$0 ,Cap Space,"$7,119,650 ",15.77836912
172,Dewayne Dedmon\dedmode01,ATL,7200000.00,,,,,$0 ,Cap space,"$7,200,000 ",15.78959158
171,D.J. Augustin\augusdj01,ORL,7250000.00,"$7,250,000 ",,,,$0 ,Cap Space,"$14,500,000 ",15.79651203
170,Marvin Bagley\baglema01,SAC,7305600.00,"$8,556,120 ","$8,963,640 ","$11,312,114 ",,$0 ,1st Round Pick,"$15,861,720 ",15.80415174
169,Jae Crowder\crowdja01,UTA,7305825.00,"$7,815,533 ",,,,$0 ,Bird Rights,"$15,121,358 ",15.80418253
168,Doug McDermott\mcderdo01,IND,7333334.00,"$7,333,334 ","$7,333,333 ",,,$0 ,,"$22,000,001 ",15.80794081
167,Lonzo Ball\balllo01,LAL,7461960.00,"$8,719,320 ","$11,003,782 ",,,$0 ,1st Round Pick,"$16,181,280 ",15.82532867
166,Darrell Arthur\arthuda01,PHO,7464912.00,,,,,$0 ,,"$7,464,912 ",15.8257242
165,Jeremy Lamb\lambje01,CHO,7488372.00,,,,,$0 ,Rookie scale extension,"$7,488,372 ",15.82886198
164,Kyle Korver\korveky01,UTA,7560000.00,"$7,500,000 ",,,,$0 ,Bird Rights,"$11,000,000 ",15.83838175
163,Karl-Anthony Towns\townska01,MIN,7839435.00,"$27,250,000 ","$29,430,000 ","$31,610,000 ","$33,790,000 ",$0 ,1st round pick,"$163,409,435 ",15.87467732
162,JaMychal Green\greenja01,MEM,7866667.00,,,,,$0 ,Bird Rights,"$7,866,667 ",15.87814502
161,Cory Joseph\josepco01,IND,7945000.00,,,,,$0 ,Cap Space,"$7,945,000 ",15.88805336
160,P.J. Tucker\tuckepj01,HOU,7969537.00,"$8,349,039 ","$7,969,537 ",,,$0 ,MLE,"$18,887,764 ",15.89113696
158,Lou Williams\willilo02,LAC,8000000.00,"$8,000,000 ","$1,500,000 ",,,$0 ,Cap Space,"$16,000,000 ",15.8949521
159,Garrett Temple\templga01,MEM,8000000.00,,,,,$0 ,Cap Space,"$8,000,000 ",15.8949521
157,Deandre Ayton\aytonde01,PHO,8165160.00,"$9,562,920 ","$10,018,200 ","$12,632,950 ",,$0 ,1st Round Pick,"$17,728,080 ",15.91538688
156,Shaun Livingston\livinsh01,GSW,8307692.00,"$7,692,308 ",,,,$0 ,Bird Rights,"$10,307,692 ",15.93269239
154,Joe Harris\harrijo01,BRK,8333333.00,"$7,670,000 ",,,,$0 ,Early Bird Rights,"$16,003,333 ",15.93577405
155,C.J. Miles\milescj01,TOR,8333333.00,"$8,730,158 ",,,,$0 ,MLE,"$8,333,333 ",15.93577405
153,Markelle Fultz\fultzma01,PHI,8339880.00,"$9,745,200 ","$12,288,697 ",,,$0 ,1st Round Pick,"$18,085,080 ",15.93655939
152,Cristiano Felicio\feliccr01,CHI,8470980.00,"$8,156,500 ","$7,529,020 ",,,$0 ,Cap space,"$24,156,500 ",15.95215676
151,Jerryd Bayless\bayleje01,MIN,8575916.00,,,,,$0 ,Cap Space,"$8,575,916 ",15.96446837
150,Markieff Morris\morrima02,WAS,8600000.00,,,,,$0 ,Bird Rights,"$8,600,000 ",15.96727276
148,Kyle Anderson\anderky01,MEM,8641000.00,"$9,073,050 ","$9,505,100 ","$9,937,150 ",,$0 ,MLE,"$37,156,300 ",15.97202887
149,Julius Randle\randlju01,NOP,8641000.00,"$9,073,050 ",,,,$0 ,MLE,"$8,641,000 ",15.97202887
146,Jerami Grant\grantje01,OKC,8653847.00,"$9,346,153 ","$9,346,153 ",,,$0 ,,"$18,000,000 ",15.97351452
147,Fred VanVleet\vanvlfr01,TOR,8653847.00,"$9,000,000 ",,,,$0 ,Bird Rights,"$17,653,847 ",15.97351452
145,Kosta Koufos\koufoko01,SAC,8739500.00,,,,,$0 ,Cap Space,"$8,739,500 ",15.98336354
144,E'Twaun Moore\mooreet01,NOP,8808685.00,"$8,664,928 ",,,,$0 ,Cap Space,"$17,473,613 ",15.99124872
142,Bogdan Bogdanovic\bogdabo01,SAC,9000000.00,"$8,529,386 ",,,,$0 ,Cap space,"$17,529,386 ",16.01273514
143,Rajon Rondo\rondora01,LAL,9000000.00,,,,,$0 ,,"$9,000,000 ",16.01273514
140,Norman Powell\powelno01,TOR,9367200.00,"$10,116,576 ","$10,865,952 ","$11,615,328 ",,$0 ,Cap Space,"$30,349,728 ",16.05272478
141,Josh Richardson\richajo01,MIA,9367200.00,"$10,100,000 ","$10,800,000 ","$11,600,000 ",,$0 ,Minimum Salary,"$30,267,200 ",16.05272478
139,Jared Dudley\dudleja01,BRK,9530000.00,,,,,$0 ,Cap Space,"$9,530,000 ",16.06995528
138,Dante Exum\exumda01,UTA,9600000.00,"$9,600,000 ","$9,600,000 ",,,$0 ,Cap Space,"$27,300,000 ",16.07727366
137,Matthew Dellavedova\dellama01,CLE,9607500.00,"$9,607,500 ",,,,$0 ,Cap Space,"$19,215,000 ",16.0780546
136,Dwight Powell\poweldw01,DAL,9631250.00,"$10,259,375 ",,,,$0 ,Cap Space,"$9,631,250 ",16.08052358
133,Andre Roberson\roberan03,OKC,10000000.00,"$10,740,741 ",,,,$0 ,Bird Rights,"$20,740,741 ",16.11809565
134,Danny Green\greenda02,TOR,10000000.00,,,,,$0 ,Bird Rights,"$10,000,000 ",16.11809565
135,Darren Collison\collida01,IND,10000000.00,,,,,$0 ,Cap space,"$10,000,000 ",16.11809565
132,Jon Leuer\leuerjo01,DET,10002681.00,"$9,508,043 ",,,,$0 ,Cap Space,"$19,510,724 ",16.11836372
131,Rudy Gay\gayru01,SAS,10087200.00,,,,,$0 ,Non-Bird Rights,"$10,087,200 ",16.12677785
130,Robert Covington\covinro01,MIN,10464092.00,"$11,301,219 ","$12,138,345 ","$12,975,471 ",,$0 ,Cap Space,"$46,879,127 ",16.16346014
128,Terrence Ross\rosste01,ORL,10500000.00,,,,,$0 ,Rookie scale extension,"$10,500,000 ",16.16688582
129,Bojan Bogdanovic\bogdabo02,IND,10500000.00,,,,,$0 ,Cap space,"$10,500,000 ",16.16688582
127,Meyers Leonard\leoname01,POR,10595506.00,"$11,286,515 ",,,,$0 ,Cap Space,"$21,882,021 ",16.17594051
126,Tony Snell\snellto01,MIL,10607143.00,"$11,392,857 ","$12,178,571 ",,,$0 ,Cap space,"$22,000,000 ",16.1770382
125,Maurice Harkless\harklma01,POR,10837079.00,"$11,511,234 ",,,,$0 ,Cap Space,"$22,348,313 ",16.19848405
124,Iman Shumpert\shumpim01,SAC,11011234.00,,,,,$0 ,Bird Rights,"$11,011,234 ",16.21442658
123,Jusuf Nurkic\nurkiju01,POR,11111111.00,"$12,000,000 ","$12,000,000 ","$12,000,000 ",,$0 ,,"$39,111,111 ",16.22345616
122,Omer Asik\asikom01,CHI,11286516.00,"$3,000,000 ",,,,$0 ,,"$14,286,516 ",16.2391193
121,John Henson\hensojo01,CLE,11327466.00,"$9,732,396 ",,,,$0 ,1st Round Pick,"$21,059,862 ",16.24274095
120,Alec Burks\burksal01,CLE,11536515.00,,,,,$0 ,1st Round Pick,"$11,536,515 ",16.26102778
119,Dion Waiters\waitedi01,MIA,11550000.00,"$12,100,000 ","$12,650,000 ",,,$0 ,Cap space,"$36,300,000 ",16.26219599
118,Patty Mills\millspa02,SAS,11571429.00,"$12,428,571 ","$13,285,714 ",,,$0 ,Bird Rights,"$37,285,714 ",16.2640496
117,Marcus Smart\smartma01,BOS,11660716.00,"$12,553,471 ","$13,446,428 ","$14,339,285 ",,$0 ,,"$51,999,900 ",16.27173614
116,Zach Randolph\randoza01,SAC,11692308.00,,,,,$0 ,Cap space,"$11,692,308 ",16.27444175
115,T.J. Warren\warretj01,PHO,11750000.00,"$10,810,000 ","$11,750,000 ","$12,690,000 ",,$0 ,1st Round Pick,"$47,000,000 ",16.2793638
114,Will Barton\bartowi01,DEN,11830358.00,"$12,960,000 ","$13,920,000 ","$14,880,000 ",,$0 ,,"$38,710,358 ",16.2861795
111,Kentavious Caldwell-Pope\caldwke01,LAL,12000000.00,,,,,$0 ,,"$12,000,000 ",16.30041721
112,Avery Bradley\bradlav01,LAC,12000000.00,"$12,960,000 ",,,,$0 ,,"$12,000,000 ",16.30041721
113,Kemba Walker\walkeke02,CHO,12000000.00,,,,,$0 ,1st Round Pick,"$12,000,000 ",16.30041721
110,Kelly Olynyk\olynyke01,MIA,12137527.00,"$11,667,885 ","$12,198,243 ",,,$0 ,Cap space,"$23,805,412 ",16.31181262
109,J.J. Redick\redicjj01,PHI,12250000.00,,,,,$0 ,,"$12,250,000 ",16.32103649
108,Solomon Hill\hillso01,NOP,12252928.00,"$13,258,781 ",,,,$0 ,Cap Space,"$25,511,709 ",16.32127549
107,Courtney Lee\leeco01,NYK,12253780.00,"$12,759,670 ",,,,$0 ,Cap Space,"$25,013,450 ",16.32134502
106,Tyreke Evans\evansty01,IND,12400000.00,,,,,$0 ,,"$12,400,000 ",16.33320703
103,Jordan Clarkson\clarkjo01,CLE,12500000.00,"$13,437,500 ",,,,$0 ,Cap Space,"$25,937,500 ",16.3412392
104,Miles Plumlee\plumlmi01,ATL,12500000.00,"$12,500,000 ",,,,$0 ,Bird Rights,"$25,000,000 ",16.3412392
105,Nikola Mirotic\mirotni01,NOP,12500000.00,,,,,$0 ,Cap space,"$12,500,000 ",16.3412392
102,Austin Rivers\riverau01,PHO,12650000.00,,,,,$0 ,,"$12,650,000 ",16.35316777
101,Nikola Vucevic\vucevni01,ORL,12750000.00,,,,,$0 ,Bird Rights,"$12,750,000 ",16.36104183
100,Wilson Chandler\chandwi01,PHI,12800562.00,,,,,$0 ,,"$12,800,562 ",16.36499963
99,Mason Plumlee\plumlma01,DEN,12917808.00,"$14,041,096 ",,,,$0 ,Cap space,"$26,958,904 ",16.37411738
97,Khris Middleton\middlkh01,MIL,13000000.00,"$13,000,000 ",,,,$0 ,Bird Rights,"$13,000,000 ",16.38045992
98,Michael Kidd-Gilchrist\kiddgmi01,CHO,13000000.00,"$13,000,000 ",,,,$0 ,1st Round Pick,"$13,000,000 ",16.38045992
96,Joe Ingles\inglejo01,UTA,13045455.00,"$11,954,546 ","$10,863,637 ",,,$0 ,Bird Rights,"$35,863,638 ",16.38395036
95,Eric Gordon\gordoer01,HOU,13500375.00,"$14,057,730 ",,,,$0 ,Cap Space,"$27,558,105 ",16.41822802
94,Cody Zeller\zelleco01,CHO,13528090.00,"$14,471,910 ","$15,415,730 ",,,$0 ,1st Round Pick,"$43,415,730 ",16.42027882
93,Marcin Gortat\gortama01,LAC,13565218.00,,,,,$0 ,Bird Rights,"$13,565,218 ",16.42301957
92,Tyson Chandler\chandty01,PHO,13585000.00,,,,,$0 ,,"$13,585,000 ",16.4244768
90,Thaddeus Young\youngth01,IND,13764045.00,,,,,$0 ,Bird Rights,"$13,764,045 ",16.43757032
91,Kenneth Faried\farieke01,BRK,13764045.00,,,,,$0 ,,"$13,764,045 ",16.43757032
89,Jeremy Lin\linje01,ATL,13768421.00,,,,,$0 ,Cap Space,"$13,768,421 ",16.43788819
88,Taj Gibson\gibsota01,MIN,14000000.00,,,,,$0 ,Cap space,"$14,000,000 ",16.45456789
87,Marvin Williams\willima02,CHO,14087500.00,"$15,006,250 ",,,,$0 ,Cap Space,"$14,087,500 ",16.46079844
86,Luol Deng\denglu01,LAL,14354067.00,"$4,990,000 ","$4,990,000 ","$4,990,000 ",,$0 ,,"$29,324,067 ",16.47954387
85,Robin Lopez\lopezro01,CHI,14357750.00,,,,,$0 ,Cap Space,"$14,357,750 ",16.47980042
84,Brandon Knight\knighbr03,HOU,14631250.00,"$15,643,750 ",,,,$0 ,,"$30,275,000 ",16.49867021
83,James Johnson\johnsja01,MIA,14651700.00,"$15,349,400 ","$16,047,100 ",,,$0 ,Cap space,"$30,001,100 ",16.50006693
82,J.R. Smith\smithjr01,CLE,14720000.00,"$15,680,000 ",,,,$0 ,Bird Rights,"$18,590,000 ",16.50471767
81,Tobias Harris\harrito02,LAC,14800000.00,,,,,$0 ,Bird Rights,"$14,800,000 ",16.51013774
80,Ricky Rubio\rubiori01,UTA,14975000.00,,,,,$0 ,1st Round Pick,"$14,975,000 ",16.5218927
78,Trevor Ariza\arizatr01,WAS,15000000.00,,,,,$0 ,Cap Space,"$15,000,000 ",16.52356076
79,Eric Bledsoe\bledser01,MIL,15000000.00,,,,,$0 ,Bird Rights,"$15,000,000 ",16.52356076
77,Gorgui Dieng\dienggo01,MIN,15170787.00,"$16,229,213 ","$17,287,640 ",,,$0 ,1st Round Pick,"$48,687,640 ",16.53488223
76,Clint Capela\capelca01,HOU,15293104.00,"$16,456,522 ","$17,500,000 ","$18,543,478 ","$19,586,957 ",$0 ,,"$87,380,061 ",16.54291257
75,DeMarre Carroll\carrode01,BRK,15400000.00,,,,,$0 ,Cap Space,"$15,400,000 ",16.54987807
74,Dennis Schroder\schrode01,OKC,15500000.00,"$15,500,000 ","$15,500,000 ",,,$0 ,1st Round Pick,"$46,500,000 ",16.55635058
73,Ian Mahinmi\mahinia01,WAS,15944154.00,"$15,450,051 ",,,,$0 ,Cap Space,"$31,394,205 ",16.5846028
71,Andre Iguodala\iguodan01,GSW,16000000.00,"$17,185,185 ",,,,$0 ,Bird Rights,"$33,185,185 ",16.58809928
72,Timofey Mozgov\mozgoti01,ORL,16000000.00,"$16,720,000 ",,,,$0 ,Cap Space,"$32,720,000 ",16.58809928
70,Gary Harris\harriga01,DEN,16517857.00,"$17,839,286 ","$19,160,714 ","$20,482,143 ",,$0 ,1st Round Pick,"$74,000,000 ",16.6199526
69,Jonas Valanciunas\valanjo01,TOR,16539326.00,"$17,617,977 ",,,,$0 ,1st Round Pick,"$16,539,326 ",16.6212515
68,Pau Gasol\gasolpa01,SAS,16800000.00,"$16,000,000 ",,,,$0 ,,"$23,500,000 ",16.63688944
67,Derrick Favors\favorde01,UTA,16900000.00,"$16,900,000 ",,,,$0 ,,"$16,000,000 ",16.64282418
65,Evan Fournier\fournev01,ORL,17000000.00,"$17,000,000 ","$17,000,000 ",,,$0 ,Cap Space,"$34,000,000 ",16.6487239
66,Bismack Biyombo\biyombi01,CHO,17000000.00,"$17,000,000 ",,,,$0 ,Cap Space,"$17,000,000 ",16.6487239
64,Reggie Jackson\jacksre01,DET,17043478.00,"$18,086,956 ",,,,$0 ,Bird Rights,"$35,130,434 ",16.65127817
63,Tim Hardaway\hardati02,NYK,17325000.00,"$18,150,000 ","$18,975,000 ",,,$0 ,Cap space,"$35,475,000 ",16.6676611
61,Draymond Green\greendr01,GSW,17469565.00,"$18,539,130 ",,,,$0 ,Bird Rights,"$36,008,695 ",16.67597078
62,Tristan Thompson\thomptr01,CLE,17469565.00,"$18,539,130 ",,,,$0 ,Bird Rights,"$36,008,695 ",16.67597078
60,Evan Turner\turneev01,POR,17868852.00,"$18,606,557 ",,,,$0 ,Cap Space,"$36,475,409 ",16.69856964
59,Kent Bazemore\bazemke01,ATL,18089887.00,"$19,269,662 ",,,,$0 ,Cap Space,"$18,089,887 ",16.71086361
58,Goran Dragic\dragigo01,MIA,18109175.00,"$19,217,900 ",,,,$0 ,Bird Rights,"$18,109,175 ",16.71192927
57,Allen Crabbe\crabbal01,BRK,18500000.00,"$18,500,000 ",,,,$0 ,Cap Space,"$18,500,000 ",16.73328129
56,Joakim Noah\noahjo01,NYK,18530000.00,"$6,431,666 ","$6,431,666 ","$6,431,666 ",,$0 ,,"$37,824,998 ",16.7349016
54,Enes Kanter\kanteen01,NYK,18622514.00,,,,,$0 ,Bird Rights,"$18,622,514 ",16.73988184
55,Wesley Matthews\matthwe02,DAL,18622514.00,,,,,$0 ,Cap Space,"$18,622,514 ",16.73988184
53,Dwight Howard\howardw01,BRK,18919725.00,,,,,$0 ,,"$18,919,725 ",16.75571559
52,Klay Thompson\thompkl01,GSW,18988725.00,,,,,$0 ,1st Round Pick,"$18,988,725 ",16.75935594
50,George Hill\hillge01,MIL,19000000.00,"$18,000,000 ",,,,$0 ,Cap space,"$20,000,000 ",16.75994954
51,Jeff Teague\teaguje01,MIN,19000000.00,"$19,000,000 ",,,,$0 ,Cap space,"$19,000,000 ",16.75994954
49,John Wall\walljo01,WAS,19169800.00,"$37,800,000 ","$40,824,000 ","$43,848,000 ","$46,872,000 ",$0 ,Bird Rights,"$141,641,800 ",16.76884668
48,Tyler Johnson\johnsty01,MIA,19245370.00,"$19,245,370 ",,,,$0 ,Cap Space,"$19,245,370 ",16.77278107
47,Zach LaVine\lavinza01,CHI,19500000.00,"$19,500,000 ","$19,500,000 ","$19,500,000 ",,$0 ,,"$78,000,000 ",16.78592502
46,Jabari Parker\parkeja01,CHI,20000000.00,"$20,000,000 ",,,,$0 ,,"$20,000,000 ",16.81124283
45,Kyrie Irving\irvinky01,BOS,20099189.00,"$21,329,750 ",,,,$0 ,Bird Rights,"$20,099,189 ",16.81619002
44,Ryan Anderson\anderry01,PHO,20421546.00,"$15,600,000 ",,,,$0 ,Cap Space,"$36,021,546 ",16.83210108
43,Jimmy Butler\butleji01,PHI,20445779.00,"$19,841,627 ",,,,$0 ,Bird Rights,"$20,445,779 ",16.83328701
42,Victor Oladipo\oladivi01,IND,21000000.00,"$21,000,000 ","$21,000,000 ",,,$0 ,1st Round Pick,"$63,000,000 ",16.860033
41,Danilo Gallinari\gallida01,LAC,21587579.00,"$22,615,559 ",,,,$0 ,Sign and Trade,"$44,203,138 ",16.88762866
40,Aaron Gordon\gordoaa01,ORL,21590909.00,"$19,863,636 ","$18,136,364 ","$16,409,091 ",,$0 ,,"$76,000,000 ",16.8877829
39,Serge Ibaka\ibakase01,TOR,21666667.00,"$23,271,604 ",,,,$0 ,Cap space,"$44,938,271 ",16.89128555
38,LaMarcus Aldridge\aldrila01,SAS,22347015.00,"$26,000,000 ","$24,000,000 ",,,$0 ,Cap Space,"$55,347,015 ",16.92220331
37,DeAndre Jordan\jordade01,DAL,22900000.00,,,,,$0 ,,"$22,900,000 ",16.94664747
36,Kawhi Leonard\leonaka01,TOR,23114067.00,"$21,329,752 ",,,,$0 ,Bird Rights,"$23,114,067 ",16.95595195
35,Rudy Gobert\goberru01,UTA,23241573.00,"$25,008,427 ","$26,525,281 ",,,$0 ,1st Round Pick,"$74,775,281 ",16.96145317
34,Nicolas Batum\batumni01,CHO,24000000.00,"$25,565,217 ","$27,130,434 ",,,$0 ,Cap Space,"$49,565,217 ",16.99356439
32,Chandler Parsons\parsoch01,MEM,24107258.00,"$25,102,511 ",,,,$0 ,Cap Space,"$49,209,769 ",16.99802351
33,Harrison Barnes\barneha02,DAL,24107258.00,"$25,102,512 ",,,,$0 ,Cap Space,"$24,107,258 ",16.99802351
30,Kevin Love\loveke01,CLE,24119025.00,"$28,900,000 ","$31,300,000 ","$31,300,000 ","$28,900,000 ",$0 ,Bird Rights,"$144,519,025 ",16.99851151
31,Marc Gasol\gasolma01,MEM,24119025.00,"$25,595,700 ",,,,$0 ,Bird Rights,"$24,119,025 ",16.99851151
28,Steven Adams\adamsst01,OKC,24157304.00,"$25,842,697 ","$27,528,090 ",,,$0 ,1st Round Pick,"$77,528,091 ",17.00009734
29,Giannis Antetokounmpo\antetgi01,MIL,24157304.00,"$25,842,697 ","$27,528,090 ",,,$0 ,1st Round Pick,"$77,528,091 ",17.00009734
27,Nikola Jokic\jokicni01,DEN,24605181.00,"$27,504,630 ","$29,542,010 ","$31,579,390 ",,$0 ,,"$146,847,981 ",17.01846759
23,Bradley Beal\bealbr01,WAS,25434263.00,"$27,093,019 ","$28,751,775 ",,,$0 ,Cap Space,"$81,279,057 ",17.05160776
24,Anthony Davis\davisan02,NOP,25434263.00,"$27,093,019 ","$28,751,775 ",,,$0 ,1st Round Pick,"$52,527,282 ",17.05160776
25,Andre Drummond\drumman01,DET,25434263.00,"$27,093,019 ","$28,751,775 ",,,$0 ,Cap Space,"$52,527,282 ",17.05160776
26,Hassan Whiteside\whiteha01,MIA,25434263.00,"$27,093,018 ",,,,$0 ,Cap Space,"$25,434,263 ",17.05160776
21,Andrew Wiggins\wiggian01,MIN,25467250.00,"$27,270,000 ","$29,290,000 ","$31,310,000 ","$33,330,000 ",$0 ,1st Round Pick,"$146,667,250 ",17.05290387
22,Joel Embiid\embiijo01,PHI,25467250.00,"$27,270,000 ","$29,290,000 ","$31,310,000 ","$33,330,000 ",$0 ,1st Round Pick,"$25,467,250 ",17.05290387
20,Carmelo Anthony\anthoca01,ATL,25534253.00,,,,,$0 ,,"$25,534,253 ",17.05553136
19,CJ McCollum\mccolcj01,POR,25759766.00,"$27,556,959 ","$29,354,152 ",,,$0 ,1st Round Pick,"$82,670,877 ",17.06432438
18,Jrue Holiday\holidjr01,NOP,25976111.00,"$26,131,111 ","$26,131,111 ","$27,020,000 ",,$0 ,Bird Rights,"$78,238,333 ",17.07268787
17,Otto Porter\porteot01,WAS,26011913.00,"$27,250,576 ","$28,489,239 ",,,$0 ,Bird Rights,"$53,262,489 ",17.07406518
16,Chris Bosh\boshch01,MIA,26837720.00,,,,,$0 ,,"$26,837,720 ",17.10531892
15,DeMar DeRozan\derozde01,SAS,27739975.00,"$27,739,975 ","$27,739,975 ",,,$0 ,Cap Space,"$55,479,950 ",17.13838507
14,Damian Lillard\lillada01,POR,27977689.00,"$29,802,321 ","$31,626,953 ",,,$0 ,1st Round Pick,"$89,406,963 ",17.14691793
13,Al Horford\horfoal01,BOS,28928710.00,"$30,123,015 ",,,,$0 ,Cap Space,"$28,928,710 ",17.18034509
12,Paul Millsap\millspa01,DEN,29730769.00,"$30,500,000 ",,,,$0 ,Cap space,"$29,730,769 ",17.20769306
11,Kevin Durant\duranke01,GSW,30000000.00,"$31,500,000 ",,,,$0 ,,"$30,000,000 ",17.21670794
10,James Harden\hardeja01,HOU,30431854.00,"$37,800,000 ","$40,824,000 ","$43,848,000 ","$46,872,000 ",$0 ,Bird Rights,"$152,903,854 ",17.23100045
9,Mike Conley\conlemi01,MEM,30521116.00,"$32,511,623 ","$34,504,132 ",,,$0 ,Cap Space,"$85,459,122 ",17.23392933
8,Paul George\georgpa01,OKC,30560700.00,"$33,005,556 ","$35,450,412 ","$37,895,268 ",,$0 ,Maximum Salary,"$99,016,668 ",17.23522543
7,Kyle Lowry\lowryky01,TOR,31200000.00,"$33,296,296 ",,,,$0 ,Bird Rights,"$64,496,296 ",17.25592865
6,Gordon Hayward\haywago01,BOS,31214295.00,"$32,700,690 ","$34,187,085 ",,,$0 ,Cap space,"$63,914,985 ",17.25638672
5,Blake Griffin\griffbl01,DET,32088932.00,"$34,234,964 ","$36,595,996 ","$38,957,028 ",,$0 ,Bird Rights,"$102,919,892 ",17.28402173
2,Chris Paul\paulch01,HOU,35654150.00,"$38,506,482 ","$41,358,814 ","$44,211,146 ",,$0 ,,"$159,730,592 ",17.38937611
3,Russell Westbrook\westbru01,OKC,35654150.00,"$38,178,000 ","$41,006,000 ","$43,848,000 ","$46,662,000 ",$0 ,Bird Rights,"$158,686,150 ",17.38937611
4,LeBron James\jamesle01,LAL,35654150.00,"$37,436,858 ","$39,219,565 ","$41,002,273 ",,$0 ,,"$113,310,573 ",17.38937611
1,Stephen Curry\curryst01,GSW,37457154.00,"$40,231,758 ","$43,006,362 ","$45,780,966 ",,$0 ,Bird Rights,"$166,476,240 ",17.43870828